Annot_Sample	Reference	obs	adj_mutual_info	adj_mutual_info_running_time	adj_rand_index	adj_rand_index_running_time	average_silhouette_width	average_silhouette_width_running_time	cLISI	cLISI_running_time	dunn_index	dunn_index_running_time	fowlkes_mallows	fowlkes_mallows_running_time	graph_connectivity	graph_connectivity_running_time	iLISI	iLISI_running_time	isolated_f1_score	isolated_f1_score_running_time	kbet	kbet_running_time	mutual_info	mutual_info_running_time	normalized_mutual_info	normalized_mutual_info_running_time	pcr	pcr_running_time	rand_index	rand_index_running_time	vmeasure	vmeasure_running_time
liver_X_pca__scvi_batch	X_pca	_scvi_batch															0.02735636234283447	0.022			0.9974790672548843	0.015					0.9968486921689441	5.515				
liver_X_pca_assay	X_pca	assay															0.008518457412719727	0.021			0.03767894120824705	0.016					1.0	2.943				
liver_X_pca_assay_ontology_term_id	X_pca	assay_ontology_term_id															0.008518457412719727	0.173			0.03767894120824705	0.337					1.0	3.151				
liver_X_pca_cdna_plate	X_pca	cdna_plate															0.010599678212946112	0.184			0.038309174394525976	0.277					0.982758596228601	24.429				
liver_X_pca_cell_type	X_pca	cell_type					0.20646750962732718	0.928	0.015530316726021145	0.187	0.010172748938202858	6.693			0.8780864322194697	0.027																
liver_X_pca_development_stage	X_pca	development_stage															0.04458447297414144	0.02			0.997749167191861	0.016					0.9683997096444907	1.983				
liver_X_pca_development_stage_ontology_term_id	X_pca	development_stage_ontology_term_id															0.04458447297414144	0.021			0.997749167191861	0.016					0.9683997096444907	2.158				
liver_X_pca_donor_assay	X_pca	donor_assay															0.02735636234283447	0.024			0.9974790672548843	0.017					0.9968486921689441	5.186				
liver_X_pca_donor_id	X_pca	donor_id															0.04458447297414144	0.195			0.997749167191861	4.369					0.9683997096444907	2.542				
liver_X_pca_donor_method	X_pca	donor_method															0.02735636234283447	0.177			0.9974790672548843	0.284					0.9968486921689441	5.036				
liver_X_pca_donor_tissue	X_pca	donor_tissue															0.04458447297414144	0.022			0.997749167191861	0.017					0.9683997096444907	2.48				
liver_X_pca_donor_tissue_assay	X_pca	donor_tissue_assay															0.02735636234283447	0.026			0.9974790672548843	0.016					0.9968486921689441	5.203				
liver_X_pca_free_annotation	X_pca	free_annotation					0.18122947444279228	0.992	0.006961234154239777	0.172	0.010172748938202858	7.175			0.896760748484021	0.024																
liver_X_pca_library_plate	X_pca	library_plate															0.008309245109558105	0.167			0.0382641577383632	0.377					0.9877104081789211	19.077				
liver_X_pca_replicate	X_pca	replicate															0.34994614124298096	0.018			0.790852615467723	0.012					0.731462277243706	4.704				
liver_X_pca_sample_id	X_pca	sample_id															0.03459992508093516	0.19			0.9841991536868642	0.285					0.8974971379430869	75.756				
liver_X_pca_sample_number	X_pca	sample_number															0.1586322784423828	0.015			0.8940307913928154	0.01					0.873010152207617	6.296				
liver_X_pca_scvi_leiden_donorassay_full	X_pca	scvi_leiden_donorassay_full					0.21073855361136062	1.039	0.0048516634348276496	0.241	0.019862694665789604	7.905			0.7973634752106241	0.028																
liver_X_pca_sex	X_pca	sex															0.0505448579788208	0.021			0.9880705861168633	0.016					0.9707404399901378	2.638				
liver_X_pca_sex_ontology_term_id	X_pca	sex_ontology_term_id															0.0505448579788208	0.021			0.9880705861168633	0.016					0.9707404399901378	3.435				
liver_X_scvi__scvi_batch	X_scvi	_scvi_batch															0.16756174564361573	0.02			0.9646169082560547	0.015					0.9743854393380234	15.65				
liver_X_scvi_assay	X_scvi	assay															0.057715415954589844	0.02			0.06509408481138021	0.016					0.9842442715539461	9.105				
liver_X_scvi_assay_ontology_term_id	X_scvi	assay_ontology_term_id															0.057715415954589844	0.029			0.06509408481138021	0.018					0.9843343109473208	8.228				
liver_X_scvi_cdna_plate	X_scvi	cdna_plate															0.008060726252469149	0.03			0.09602052759521022	0.018					0.9724047854949527	9.477				
liver_X_scvi_cell_type	X_scvi	cell_type					0.1646764951871876	0.862	0.026439324669215992	0.031	0.0015537594445049763	3.47			0.7345634879760811	0.023																
liver_X_scvi_development_stage	X_scvi	development_stage															0.2563475767771403	0.02			0.9692986404969839	0.016					0.9681288820937943	6.855				
liver_X_scvi_development_stage_ontology_term_id	X_scvi	development_stage_ontology_term_id															0.2563475767771403	0.019			0.9692986404969839	0.016					0.9681288820937943	6.699				
liver_X_scvi_donor_assay	X_scvi	donor_assay															0.16756174564361573	0.021			0.9646169082560547	0.018					0.974205360551274	16.91				
liver_X_scvi_donor_id	X_scvi	donor_id															0.2563475767771403	0.031			0.9692986404969839	0.163					0.9680838775979049	6.997				
liver_X_scvi_donor_method	X_scvi	donor_method															0.16756174564361573	0.031			0.9646169082560547	0.022					0.974205360551274	16.971				
liver_X_scvi_donor_tissue	X_scvi	donor_tissue															0.2563475767771403	0.02			0.9692986404969839	0.016					0.9680838775979049	7.279				
liver_X_scvi_donor_tissue_assay	X_scvi	donor_tissue_assay															0.16756174564361573	0.021			0.9646169082560547	0.015					0.974205360551274	15.889				
liver_X_scvi_free_annotation	X_scvi	free_annotation					0.0027749785922206007	0.946	0.013273589072688934	0.031	0.0015537594445049763	3.775			0.7754363913299862	0.023																
liver_X_scvi_library_plate	X_scvi	library_plate															0.010419981820242745	0.029			0.08845772935986315	0.018					0.9775366660981568	10.062				
liver_X_scvi_replicate	X_scvi	replicate															0.5665016174316406	0.017			0.6257315206626451	0.011					0.6572634834371598	16.082				
liver_X_scvi_sample_id	X_scvi	sample_id															0.08471558491388957	0.03			0.786350949851445	0.018					0.6772756481290909	39.674				
liver_X_scvi_sample_number	X_scvi	sample_number															0.2139827013015747	0.014			0.7348518952012244	0.01					0.8266900272530041	11.34				
liver_X_scvi_scvi_leiden_donorassay_full	X_scvi	scvi_leiden_donorassay_full					0.09557664989927175	1.07	0.011216405275705698	0.028	0.0015765142161399126	3.989			0.6701278311074077	0.024																
liver_X_scvi_sex	X_scvi	sex															0.42496562004089355	0.021			0.8024669127577203	0.016					0.9692982288131532	13.293				
liver_X_scvi_sex_ontology_term_id	X_scvi	sex_ontology_term_id															0.42496562004089355	0.02			0.8024669127577203	0.016					0.9692982288131532	12.147				
liver_cell_type_scvi_leiden_donorassay_full	cell_type	scvi_leiden_donorassay_full	0.7818471020139312	0.015	0.6800852964100071	0.008							0.728880780563984	0.003					0.013577850659867824	0.003			1.850918930512483	0.005	0.7832928676209434	0.006			0.9212536662695211	0.004	0.7832928676209435	0.004
liver_free_annotation_scvi_leiden_donorassay_full	free_annotation	scvi_leiden_donorassay_full	0.797726129868032	0.015	0.6927643901036142	0.005							0.7430449342049428	0.003					0.00027505683072347274	0.003			1.841365147288664	0.003	0.799093749779682	0.006			0.9223950420742696	0.003	0.799093749779682	0.003
